From agency,To agency,Relationship type,Description,Status
BCHydro,NRCanGSC,data,,
BCHydro,NRCanGSC,tools/products,sharing models,
NRCanGSC,BCHydro,data,,
NRCanGSC,BCHydro,tools/products,sharing models,
CRESCENT,BCHydro,data,,
USGS,BCHydro,data,,
PNSN,BCHydro,data,,
BCEM,BCHydro,emergency response coordination,,
BCAlert,BCHydro,emergency response coordination,,
PGE,BCHydro,info/research,,
BCHydro,PG&E,info/research,,
USBR,BCHydro,info/research,,
BCHydro,USBR,info/research,,
JPL,PG&E,data,remote sensing,
JPL,PG&E,emergency response coordination,rapid response,
PEER,PG&E,info/research,"providing guidance and support, taking research outcomes",
NHERI,PG&E,info/research,"providing guidance and support, taking research outcomes",
CRESCENT,PG&E,info/research,"providing guidance and support, taking research outcomes",
SCEC,PG&E,info/research,"providing guidance and support, taking research outcomes",
EERI,PG&E,info/research,"providing guidance and support, taking research outcomes",
PG&E,PEER,info/research,"providing guidance and support, taking research outcomes",
PG&E,NHERI,info/research,"providing guidance and support, taking research outcomes",
PG&E,EERI,info/research,"providing guidance and support, taking research outcomes",
PG&E,CRESCENT,funding,,
PG&E,CRESCENT,info/research,"providing guidance and support, taking research outcomes",
PG&E,SCEC,info/research,"providing guidance and support, taking research outcomes",
PG&E,CalTrans,info/research,coordinating research and practice,
CalTrans,PG&E,info/research,coordinating research and practice,
PG&E,BCHydro,info/research,coordinating research and practice,
BCHydro,PG&E,info/research,coordinating research and practice,
PG&E,USACE,info/research,coordinating research and practice,
USACE,PG&E,info/research,coordinating research and practice,
NOAA,PG&E,tools/products,forecast products,
CalOES,PG&E,emergency response coordination,,
FEMA,PG&E,emergency response coordination,,
USGS,PG&E,emergency response coordination,ShakeAlert,
PG&E,CGS,info/research,review and response,
CGS,PG&E,info/research,review and response,
PG&E,USBR,info/research,coordinating research and practice,
USBR,PG&E,info/research,coordinating research and practice,
CalFire,PG&E,emergency response coordination,,
PG&E,CalFire,emergency response coordination,,
PG&E,CalOES,emergency response coordination,,
PG&E,FEMA,emergency response coordination,,
PG&E,USGS,emergency response coordination,,
CalFire,CGS,emergency response coordination,data,
CalOES,CGS,emergency response coordination,data,
CalOES,CGS,funding,,
CalTrans,CGS,emergency response coordination,,
CaSSC,CGS,emergency response coordination,,
CGS,CalDWR,tools/products,instrumentation,
CGS,CalDWR,info/research,Providing expertise,
CGS,CalFire,emergency response coordination,,
CGS,CalOES,emergency response coordination,hazard assessment,
CGS,CalTrans,emergency response coordination,infrastructure EQ response,
CGS,CalTrans,tools/products,instrumentation,
CGS,CalTrans,info/research,Providing expertise,
CGS,CaSSC,emergency response coordination,,
CGS,CRESCENT,info/research,,
CGS,DNR,emergency response coordination,infrastructure EQ response,
CGS,ECA,info/research,outreach,
CGS,EERI,emergency response coordination,earthquake clearing house/recon,
CGS,FEMA,emergency response coordination,,
CGS,PEER,info/research,Providing expertise,
CGS,PG&E,emergency response coordination,infrastructure EQ response,
CGS,RCTWG,info/research,outreach,
CGS,SCEC,info/research,,
CRESCENT,CGS,info/research,,
DNR,CGS,emergency response coordination,,
ECA,CGS,info/research,outreach,
EERI,CGS,emergency response coordination,earthquake clearing house/recon,
FEMA,CGS,funding,,
FEMA,CGS,emergency response coordination,,
JPL,CGS,data,remote sensing,
NEHRP,CGS,funding,,
NOAA,CGS,data,NWS,
NOAA,CGS,tools/products,NTWC tsunami products,
NTHMP,CGS,funding,tsunami,
PEER,CGS,info/research,Providing expertise,
PG&E,CGS,emergency response coordination,,
RCTWG,CGS,info/research,outreach,
SCEC,CGS,info/research,,
BPA,USGS,info/research,property access and support,
CRESCENT,USGS,data,,
CRESCENT,USGS,info/research,,
DNR,USGS,data,,
DNR,USGS,info/research,,
DOGAMI,USGS,data,,
DOGAMI,USGS,info/research,,
ORMedia,USGS,data,,
ORMedia,USGS,info/research,public outreach,
PWB,USGS,info/research,property access and support,
USFS,USGS,info/research,property access and support,
USGS,BPA,info/research,property access and support,
USGS,CGS,info/research,,
USGS,CGS,data,,
USGS,CGS,emergency response coordination,ShakeAlert,
USGS,CGS,tools/products,NSHM models,
USGS,CRESCENT,data,,
USGS,CRESCENT,info/research,,
USGS,CRESCENT,funding,,
USGS,DNR,data,,
USGS,DNR,info/research,,
USGS,DOGAMI,data,,
USGS,DOGAMI,info/research,,
USGS,OMSI,info/research,public outreach and science education,
USGS,ORMedia,data,,
USGS,ORMedia,info/research,public outreach,
USGS,PWB,info/research,property access and support,
USGS,Sz4d,info/research,working group subject expert,
USGS,USFS,info/research,property access and support,
USGS,CoPesHub,data,,
CoPesHub,USGS,info/research,,
USGS,CoPesHub,tools/products,,
CoPesHub,USGS,tools/products,,
CGS,USGS,info/research,,
CGS,USGS,data,,
CGS,USGS,emergency response coordination,,
CGS,USGS,tools/products,NSHM models and instrumentation,
USGS,PG&E,info/research,,
PG&E,USGS,tools/products,,
USGS,PG&E,tools/products,,
PG&E,USGS,info/research,,
USGS,NEHRP,info/research,CSZ resources/representation,
NEHRP,USGS,funding,,
USGS,WSDOT,tools/products,fault sources,
USGS,WSDOT,data,,
USGS,WSDOT,info/research,resources,
JPL,USGS,data,,
USGS,JPL,tools/products,,
JPL,CRESCENT,data,,
JPL,CRESCENT,tools/products,,
ASF,JPL,data,,
JPL,FEMA,tools/products,disaster related,
JPL,NOAA,data,,
JPL,NOAA,tools/products,,
JPL,GLAD,,,
JPL,FEMA,data,,
NOAA,JPL,data,,
NOAA,JPL,tools/products,,
JPL,SCEC,tools/products,,
JPL,SCEC,info/research,,
SCEC,JPL,tools/products,,
SCEC,JPL,info/research,,
JPL,NEHRP,data,,
JPL,NRCanGSC,data,,
JPL,CGS,,,
JPL,CalOES,,,
WADNRWGS,USGS,info/research,"joint research/publishing, outreach",
USGS,WADNRWGS,info/research,"joint research/publishing, outreach",
WADNRWGS,USGS,emergency response coordination,clearing house,
USGS,WADNRWGS,emergency response coordination,clearing house,
FEMA,WADNRWGS,funding,,
FEMA,WADNRWGS,tools/products,HAZUS,
WADNRWGS,CRESCENT,info/research,,
CRESCENT,WADNRWGS,info/research,,
WADNRWGS,EERI,emergency response coordination,clearing house,
EERI,WADNRWGS,emergency response coordination,clearing house,
NEHRP,WADNRWGS,funding,,
WADNRWGS,NEHRP,info/research,review panels,
CGS,WADNRWGS,emergency response coordination,clearing house database design,
WADNRWGS,WAEMD,info/research,public communication outreach,
WAEMD,WADNRWGS,info/research,public communication outreach,
WADNRWGS,USBR,data,,
USBR,WADNRWGS,info/research,,
WADNRWGS,USBR,info/research,,
USBR,WADNRWGS,data,,
WADNRWGS,PNSN,info/research,"clearinghouse outreach, network planning",
PNSN,WADNRWGS,info/research,"clearinghouse outreach, network planning",
WADNRWGS,WSDOT,data,reviews,
WADNRWGS,DOGAMI,info/research,,
DOGAMI,WADNRWGS,info/research,,
WADNRWGS,DOGAMI,data,,
DOGAMI,WADNRWGS,data,,
DOGAMI,OEM,data,,
DOGAMI,OEM,info/research,reports,
DOGAMI,OEM,tools/products,maps,
DOGAMI,DLCD,data,,
DOGAMI,DLCD,info/research,reports,
DOGAMI,DLCD,tools/products,maps,
DOGAMI,ODFW,data,,
DOGAMI,ODFW,info/research,reports,
DOGAMI,ODFW,tools/products,maps,
DOGAMI,OPRD,data,,
DOGAMI,OPRD,info/research,reports,
DOGAMI,OPRD,tools/products,maps,
DOGAMI,ORMedia,data,,
DOGAMI,ORMedia,info/research,reports,
DOGAMI,ORMedia,tools/products,maps,
DOGAMI,SeaGrant,data,,
DOGAMI,SeaGrant,info/research,reports,
DOGAMI,SeaGrant,tools/products,maps,
SeaGrant,DOGAMI,data,,
SeaGrant,DOGAMI,info/research,reports,
SeaGrant,DOGAMI,tools/products,maps,
NOAA,DOGAMI,data,,
NOAA,DOGAMI,info/research,reports,
NOAA,DOGAMI,tools/products,maps,
FEMA,DOGAMI,data,,
FEMA,DOGAMI,info/research,reports,
FEMA,DOGAMI,tools/products,maps,
USGS,DOGAMI,info/research,reports,
USGS,DOGAMI,tools/products,maps,
DOGAMI,CRESCENT,data,,
DOGAMI,CRESCENT,info/research,reports,
DOGAMI,CRESCENT,tools/products,maps,
CRESCENT,DOGAMI,data,,
CRESCENT,DOGAMI,info/research,reports,
CRESCENT,DOGAMI,tools/products,maps,
FEMA,DOGAMI,funding,,
USGS,DOGAMI,funding,,
NEHRP,DOGAMI,funding,,
NTHMP,DOGAMI,funding,,
NEHRP,DOGAMI,info/research,,
NTHMP,DOGAMI,info/research,,
DOGAMI,NEHRP,info/research,,
DOGAMI,NTHMP,info/research,,
NWS,DOGAMI,info/research,,
DOGAMI,NWS,info/research,,
DOGAMI,OEM,info/research,,
OEM,DOGAMI,info/research,,
ODOT,DOGAMI,info/research,,
DOGAMI,ODOT,info/research,,
DOGAMI,EWEB,info/research,,
DOGAMI,PG&E,info/research,,
DOGAMI,PGE,info/research,,
DOGAMI,CGS,info/research,,
CGS,DOGAMI,info/research,,
NRCanGSC,USGS,info/research,"share methods, collaborat on shared needs",
USGS,NRCanGSC,info/research,"share methods, collaborat on shared needs",
NRCanGSC,BCEM,emergency response coordination,"share scenarios, support planning",
NRCanGSC,FIN,,,
NRCanGSC,PSC,info/research,collaborate on communication and research/policy,
NRCanGSC,PSC,data,,
NRCanGSC,PACICC,info/research,share analysis,
GeoBC,NRCanGSC,data,,
LidarBC,NRCanGSC,data,,
MetroVan,NRCanGSC,data,,
Hakai,NRCanGSC,data,,
NRCanGSC,GEM,tools/products,models,
NRCanGSC,GEM,info/research,"methods, comms",
GEM,NRCanGSC,tools/products,models,
GEM,NRCanGSC,info/research,"methods, comms",
WADNRWGS,WAEMD,info/research,,
WADNRWGS,WAEMD,emergency response coordination,,
WAEMD,WADNRWGS,info/research,,
WAEMD,WADNRWGS,emergency response coordination,,
SeaGrant,WADNRWGS,info/research,,
WADNRWGS,SeaGrant,info/research,,
WADNRWGS,NTHMP,info/research,,
NTHMP,WADNRWGS,info/research,,
WADNRWGS,Tribal,info/research,,
CGS,WADNRWGS,info/research,,
WADNRWGS,CGS,info/research,,
USGS,WADNRWGS,info/research,,
NWS,WADNRWGS,emergency response coordination,,
WADNRWGS,NWS,info/research,,
WADNRWGS,NWS,emergency response coordination,,
NWS,WADNRWGS,info/research,,
OEM,FEMA,info/research,"share knowlede, support, community outreach",
FEMA,OEM,funding,,
FEMA,OEM,info/research,"share knowlede, support, community outreach",
OEM,DOGAMI,info/research,community engagement,
DOGAMI,OEM,info/research,community engagement,
OEM,USGS,info/research,ShakeAlert community education,
USGS,OEM,info/research,ShakeAlert community education,
NEHRP,OEM,funding,,
NTWC,OEM,emergency response coordination,warning,
PTWC,OEM,emergency response coordination,warning,
NWS,OEM,,,
USGS,OEM,info/research,,
USFS,OEM,,,
PMEL,OEM,info/research,,
OEM,NTHMP,info/research,,
OEM,NEHRP,info/research,,
OEM,OSSPAC,info/research,,
OEM,SeaGrant,info/research,,
OEM,Copes,info/research,,
OEM,CRESCENT,info/research,,
OEM,SCEC,info/research,,
OEM,ECA,info/research,,
OEM,CREW,info/research,,
OEM,PEER,info/research,,
OEM,EERI,info/research,,
NTHMP,OEM,info/research,,
NEHRP,OEM,info/research,,
OSSPAC,OEM,info/research,,
SeaGrant,OEM,info/research,,
Copes,OEM,info/research,,
CRESCENT,OEM,info/research,,
SCEC,OEM,info/research,,
ECA,OEM,info/research,,
CREW,OEM,info/research,,
PEER,OEM,info/research,,
EERI,OEM,info/research,,
WADNRWGS,OEM,info/research,,
CGS,OEM,info/research,,
PNSN,OEM,info/research,,
DOGAMI,OEM,tools/products,maps and models,
WADNRWGS,OEM,tools/products,maps and models,
CGS,OEM,tools/products,maps and models,
USGS,OEM,tools/products,maps and models,
PNSN,OEM,tools/products,maps and models,
WAEMD,OEM,emergency response coordination,,
CalOES,OEM,emergency response coordination,,
SalemOEM,OEM,emergency response coordination,,
PDXOEM,OEM,emergency response coordination,,
ORDEQ,OEM,emergency response coordination,,
ODOT,OEM,emergency response coordination,,
ODHS,OEM,emergency response coordination,,
OREM,OEM,emergency response coordination,,
RDPO,OEM,emergency response coordination,,
OPRD,OEM,emergency response coordination,,
OEM,WAEMD,emergency response coordination,,
OEM,CalOES,emergency response coordination,,
OEM,SalemOEM,emergency response coordination,,
OEM,PDXOEM,emergency response coordination,,
OEM,ORDEQ,emergency response coordination,,
OEM,ODOT,emergency response coordination,,
OEM,ODHS,emergency response coordination,,
OEM,OREM,emergency response coordination,,
OEM,RDPO,emergency response coordination,,
OEM,OPRD,emergency response coordination,,
OHA,OEM,emergency response coordination,,
OEM,OHA,emergency response coordination,,
OEM,Tribal,emergency response coordination,,
Tribal,OEM,emergency response coordination,,
OEM,BCEM,emergency response coordination,,
BCEM,OEM,emergency response coordination,,
OEM,ORMedia,,,
OEM,Earthscope,,,
OEM,OMSI,,,
NEMA,OEM,info/research,policy,
IEMA,OEM,info/research,policy,
OSSPAC,OEM,info/research,policy,
OEM,OSSPAC,info/research,policy,
FEMA,OEM,info/research,NETAP,
OEM,PBEM,data,,
OEM,PBEM,info/research,"resources, training",
NWS,PBEM,data,,
NWS,PBEM,info/research,,
ODOT,PBEM,info/research,,
PBEM,ODOT,info/research,,
PBEM,ORMedia,info/research,,
PBEM,ORMedia,emergency response coordination,,
PBEM,BCEM,info/research,,
PBEM,CGS,info/research,,
PBEM,SeaGrant,info/research,,
CLiP,OEM,info/research,,
OEM,CLiP,info/research,,
PBEM,CLiP,info/research,,
CLiP,PBEM,info/research,,
DOGAMI,CLiP,info/research,"scientific standards, rules and regulations, reports, codes",
ODOT,CLiP,info/research,"scientific standards, rules and regulations, reports, codes",
PGE,CLiP,info/research,"scientific standards, rules and regulations, reports, codes",
PG&E,CLiP,info/research,"scientific standards, rules and regulations, reports, codes",
Tribal,CLiP,info/research,reports,
CLiP,Tribal,info/research,reports,
Copes,CLiP,info/research,,
CRESCENT,CLiP,info/research,,
CLiP,Copes,info/research,,
CLiP,CRESCENT,info/research,,
CLiP,OREAS,info/research,,
CLiP,ORMedia,info/research,,
FEMA,EERI,funding,,
EERI,FEMA,info/research,building code support,
PG&E,EERI,info/research,,
EERI,PG&E,info/research,,
SCEC,EERI,info/research,researchers are members,
CRESCENT,EERI,info/research,researchers are members,
EERI,SCEC,info/research,researchers are members,
EERI,CRESCENT,info/research,researchers are members,
NHERI,EERI,info/research,researchers are members,
EERI,NHERI,info/research,researchers are members,
EERI,CREW,info/research,,
CREW,EERI,info/research,,
EERI,CalOES,emergency response coordination,clearing house coordination,
CalOES,EERI,emergency response coordination,clearing house coordination,
CGS,EERI,emergency response coordination,clearing house coordination,
EERI,CGS,emergency response coordination,clearing house coordination,
USGS,EERI,emergency response coordination,clearing house coordination,
EERI,USGS,emergency response coordination,clearing house coordination,
USGS,EERI,funding,,
EERI,CaSSC,info/research,"policy, members advice",
EERI,IAEE,emergency response coordination,reconnaissance,
CRESCENT,SCEC,info/research,,
SCEC,CRESCENT,info/research,,
USGS,SCEC,info/research,,
SCEC,USGS,info/research,,
SCEC,NHRP,info/research,,
NHRP,SCEC,info/research,,
SCEC,CalDWR,info/research,,
CalDWR,SCEC,info/research,,
SCEC,PG&E,info/research,,
PG&E,SCEC,info/research,,
RCTWG,CRESCENT,info/research,,
CRESCENT,RCTWG,info/research,,
CalOES,CRESCENT,info/research,,
RCTWG,USGS,info/research,,
USGS,RCTWG,info/research,,
NTHMP,RCTWG,info/research,,
RCTWG,NTHMP,info/research,,
NOAA-NTWC,RCTWG,info/research,,
RCTWG,NOAA-NTWC,info/research,,
NOAA-NWS,RCTWG,info/research,eureka forecast office,
RCTWG,NOAA-NWS,info/research,eureka forecast office,
PG&E,RCTWG,info/research,,
RCTWG,PG&E,info/research,,
CalTrans,RCTWG,info/research,,
RCTWG,CalTrans,info/research,,
Tribal,RCTWG,info/research,Yurok Tolowa Bluelake Rancheria,
RCTWG,Tribal,info/research,Yurok Tolowa Bluelake Rancheria,
PBOT,RDPO,emergency response coordination,,
RDPO,PBOT,emergency response coordination,,
PBOT,OEM,emergency response coordination,,
OEM,PBOT,emergency response coordination,,
USGS,PBOT,data,,
JPL,PBOT,data,,
USGS,PBOT,data,ShakeAlert,
PBOT,PGE,emergency response coordination,,
PBOT,PacifiCorp,emergency response coordination,,
PBOT,Trimet,emergency response coordination,,
PGE,PBOT,emergency response coordination,,
PacificCor,PBOT,emergency response coordination,,
Trimet,PBOT,emergency response coordination,,
BNSF,PBOT,emergency response coordination,,
UP,PBOT,emergency response coordination,,
PBOT,BNSF,emergency response coordination,,
PBOT,UP,emergency response coordination,,
USGS,PacifiCorp,data,,
USGA,PacifiCorp,data,ShakeAlert,
NOAANWTC,PacifiCorp,data,,
NOAANWS,PacifiCorp,data,,
NIFC,PacifiCorp,data,,
OEM,PacifiCorp,info/research,,
WAEMD,PacifiCorp,info/research,,
CalOES,PacifiCorp,info/research,,
PacifiCorp,OEM,info/research,,
PacifiCorp,WAEMD,info/research,,
PacifiCorp,CalOES,info/research,,
OEM,PacifiCorp,emergency response coordination,,
WAEMD,PacifiCorp,emergency response coordination,,
CalOES,PacifiCorp,emergency response coordination,,
PacifiCorp,OEM,emergency response coordination,,
PacifiCorp,WAEMD,emergency response coordination,,
PacifiCorp,CalOES,emergency response coordination,,
RDPO,PacifiCorp,info/research,,
CLiP,PacifiCorp,info/research,,
USFS,PacifiCorp,info/research,,
PacifiCorp,USFS,info/research,,
USFS,PacifiCorp,emergency response coordination,,
PacifiCorp,USFS,emergency response coordination,,
PG&E,PacifiCorp,info/research,,
PGE,PacifiCorp,info/research,,
EWEB,PacifiCorp,info/research,,
PacifiCorp,PG&E,info/research,,
PacifiCorp,PGE,info/research,,
PacifiCorp,EWEB,info/research,,
PG&E,PacifiCorp,emergency response coordination,,
PGE,PacifiCorp,emergency response coordination,,
EWEB,PacifiCorp,emergency response coordination,,
PacifiCorp,PG&E,emergency response coordination,,
PacifiCorp,PGE,emergency response coordination,,
PacifiCorp,EWEB,emergency response coordination,,
PBEM,PacifiCorp,emergency response coordination,,
PacifiCorp,PBEM,emergency response coordination,,
CPUC,PacifiCorp,funding,,
OPUC,PacifiCorp,funding,,
WPUC,PacifiCorp,funding,,
CPUC,PacifiCorp,info/research,regulatory oversight/resilience project,
OPUC,PacifiCorp,info/research,regulatory oversight/resilience project,
WPUC,PacifiCorp,info/research,regulatory oversight/resilience project,
EEI,PacifiCorp,info/research,,
PacifiCorp,EEI,info/research,,
WEI,PacifiCorp,info/research,,
PacifiCorp,WEI,info/research,,
WAEAS,PacifiCorp,emergency response coordination,,
CalEAS,PacifiCorp,emergency response coordination,,
OREAS,PacifiCorp,emergency response coordination,,
BPA,PacifiCorp,info/research,,
PacifiCorp,BPA,info/research,,
BPA,PacifiCorp,emergency response coordination,,
PacifiCorp,BPA,emergency response coordination,,
dogami,PacifiCorp,data,,
dogami,PacifiCorp,tools/products,,
SCEC,PacifiCorp,info/research,,
eeri,PacifiCorp,info/research,,
CRESCENT,PacifiCorp,info/research,,
ECA,PacifiCorp,info/research,,
CAmedia,PacifiCorp,info/research,,
ORmedia,PacifiCorp,info/research,,
WAmedia,PacifiCorp,info/research,,
PacifiCorp,CAmedia,info/research,,
PacifiCorp,ORmedia,info/research,,
PacifiCorp,WAmedia,info/research,,
OEM,OR-Gov,emergency response coordination,,
dogami,OR-Gov,emergency response coordination,,
CRESCENT,OR-Gov,emergency response coordination,,
copes,OR-Gov,emergency response coordination,,
OSSPAC,OR-Gov,emergency response coordination,,
FEMA,OR-Gov,emergency response coordination,,
eeri,OR-Gov,emergency response coordination,,
OR-Gov,OEM,emergency response coordination,,
OR-Gov,dogami,emergency response coordination,,
OR-Gov,CRESCENT,emergency response coordination,,
OR-Gov,copes,emergency response coordination,,
OR-Gov,OSSPAC,emergency response coordination,,
PBEM,OR-Gov,emergency response coordination,,
OR-Gov,PBEM,emergency response coordination,,
SalemOEM,OR-Gov,emergency response coordination,,
OR-Gov,SalemOEM,emergency response coordination,,
ClackCo,Osspac,info/research,"policy, members advice",
ClackCo,oem,info/research,represent,
oem,ClackCo,funding,,
ClackCo,RDPO,emergency response coordination,,
RDPO,ClackCo,emergency response coordination,,
dogami,ClackCo,tools/products,,
CREW,ClackCo,info/research,"policy, scenarios",
EERi,ClackCo,info/research,"policy, scenarios",
ClackCo,CRESCENT,info/research,,
